Domain,Example Url,Domain Authority Score,Rating,Source,URL Type,Comment
screenresolutiontest.com,https://screenresolutiontest.com/screenresolution/,33,5,keywords,general,
testufo.com,https://testufo.com/resolution,50,5,keywords,general,
mdigi.tools,https://mdigi.tools/screen-resolution/,34,5,keywords,general,
testsigma.com,https://testsigma.com/blog/common-screen-resolutions/,42,5,keywords,blog,
rgb.com,https://www.rgb.com/display-size-resolution-and-ideal-viewing-distance,34,4,keywords,general,
displayninja.com,https://www.displayninja.com/screen-resolution/,41,4,keywords,general,
viewportsizer.com,https://viewportsizer.com/what-is-my-screen-size/,31,4,keywords,general,
infobyip.com,https://www.infobyip.com/detectdisplaysize.php,39,4,keywords,general,
forum.figma.com,https://forum.figma.com/ask-the-community-7/screen-resolutions-12123,83,4,keywords,forum,
forums.rpgmakerweb.com,https://forums.rpgmakerweb.com/index.php?threads/check-screen-resolution.123082/,50,4,keywords,general,
hp.com,https://www.hp.com/us-en/shop/tech-takes/what-is-my-screen-resolution,91,4,keywords,general,
dpreview.com,https://www.dpreview.com/forums/threads/how-do-i-test-my-cameras-resolution-easily.4643896/,59,4,keywords,forum,
devforum.roblox.com,https://devforum.roblox.com/t/is-there-a-way-to-get-players-screen-size-in-pixels/1836922,97,4,keywords,general,
thewhitelabelagency.com,https://thewhitelabelagency.com/recommended-screen-resolution-for-web-design/,37,4,keywords,general,
pixelscan.net,https://pixelscan.net/blog/screen-resolution-guide-2025/,41,4,keywords,blog,
riverdi.com,https://riverdi.com/blog/monitor-resolution-chart-a-handy-guide-for-the-best-visual-experience,39,4,keywords,blog,
qodex.ai,https://qodex.ai/blog/common-screen-resolutions,32,4,keywords,blog,
screenfly.org,https://screenfly.org/,27,4,keywords,general,
stackoverflow.com,https://stackoverflow.com/questions/31162606/how-to-detect-screen-size-for-responsive-web-design,85,4,keywords,general,
avforums.com,https://www.avforums.com/threads/best-way-to-test-real-screen-resolution-test-patterns.2086439/,63,4,keywords,general,
browserstack.com,https://www.browserstack.com/screen-resolution-testing,62,4,keywords,general,
help.nosto.com,https://help.nosto.com/en/articles/5793371-how-to-test-a-digital-screen,39,4,keywords,general,
forums.overclockers.co.uk,https://forums.overclockers.co.uk/threads/what-is-your-screen-resolution.19005484/,62,4,"keywords,competitors",general,
screeninnovations.com,https://www.screeninnovations.com/tools/screen-size-comparison/,33,4,keywords,general,
designrush.com,https://www.designrush.com/agency/web-development-companies/trends/what-is-my-screen-resolution,59,4,keywords,general,
kobiton.com,https://kobiton.com/blog/common-screen-resolutions-for-mobile-testing-in-2025/,35,4,keywords,blog,
paperstreet.com,https://www.paperstreet.com/blog/free-tool-check-your-browser-size/,35,4,keywords,blog,
webbrowsertools.com,https://webbrowsertools.com/screen-size/,37,4,keywords,general,
w3schools.com,https://www.w3schools.com/howto/howto_js_get_current_window.asp,89,4,keywords,general,
testgrid.io,https://testgrid.io/blog/common-screen-resolutions/,38,4,keywords,blog,
eizo.com,https://www.eizo.com/library/basics/eizo-monitor-test/,41,4,keywords,general,
rtings.com,https://www.rtings.com/monitor/learn/monitor-size-guide,70,4,keywords,general,
lambdatest.com,https://www.lambdatest.com/blog/visual-testing-challenges/,54,4,keywords,blog,
forum.keyboardmaestro.com,https://forum.keyboardmaestro.com/t/best-way-to-test-for-screen-size/1066,40,4,keywords,forum,
whatismyip.com,https://www.whatismyip.com/screen-resolution/,67,4,keywords,general,
www1.wellesley.edu,https://www1.wellesley.edu/lts/techsupport/windows/screenres,47,4,keywords,general,
digitalsignagetoday.com,https://www.digitalsignagetoday.com/blogs/how-to-determine-the-right-screen-size-for-digital-signage/,34,4,keywords,blog,
benq.com,https://www.benq.com/en-us/knowledge-center/knowledge/how-to-choose-monitor-size.html,62,4,keywords,general,
testim.io,https://www.testim.io/blog/screen-resolution-tests/,45,4,keywords,blog,
forums.eggplantsoftware.com,https://forums.eggplantsoftware.com/t/screen-resolution-in-gui-testing/1898,33,4,keywords,general,
testingbot.com,https://testingbot.com/resources/articles/common-screen-resolutions,42,4,keywords,general,
sciencefriday.com,https://www.sciencefriday.com/segments/tv-resolution-limit/,50,4,keywords,general,
monitortests.com,https://www.monitortests.com/forum/Thread-Custom-Resolution-Utility-CRU,42,4,keywords,forum,
teamtreehouse.com,https://teamtreehouse.com/community/how-do-you-determine-the-pixel-size-for-a-screen-i-have-no-idea-how-to-find-out-this-information,49,4,keywords,general,
forum.uipath.com,https://forum.uipath.com/t/which-is-my-screen-resolution/348871,52,4,keywords,forum,
forums.tomshardware.com,https://forums.tomshardware.com/threads/how-do-i-test-my-monitors-resolution-response-time-and-refresh-rate.2628574/,71,4,keywords,general,
tek-tips.com,https://www.tek-tips.com/threads/reliable-screen-size-detection.1764137/,36,4,keywords,general,
wikihow.com,https://www.wikihow.com/Check-Your-Screen-Resolution,90,3,keywords,general,
brightseotools.com,https://brightseotools.com/webpage-screen-resultion-simulator,11,3,keywords,general,
cam.ac.uk,https://www.cam.ac.uk/research/news/is-your-ultra-hd-tv-worth-it-scientists-measure-the-resolution-limit-of-the-human-eye,74,3,keywords,news,
forum.blackmagicdesign.com,https://forum.blackmagicdesign.com/viewtopic.php?f=3&t=107930,69,3,keywords,forum,
cl.search.yahoo.com,https://cl.search.yahoo.com/mobile/s?age=1d&ei=UTF-8&norw=1&p=Focus%2B2001&xargs=0,100,3,competitors,general,
politico.com,https://www.politico.com/live-updates/2025/09/15/congress/continuing-resolution-stopgap-funding-bill-shutdown-00563513,81,3,keywords,general,
forum.inductiveautomation.com,https://forum.inductiveautomation.com/t/detect-screen-resolution-in-perspective/25779,46,3,keywords,forum,
fairtest.org,https://fairtest.org/national-resolution-highstakes-testing/,38,3,keywords,general,
finstad.house.gov,https://finstad.house.gov/2024/5/reps-finstad-and-crenshaw-sen-paul-introduce-resolution-to-repeal-harmful-fda-rule-limiting-access-to-laboratory-developed-tests,81,3,keywords,general,
displaymate.com,https://www.displaymate.com/news.html,37,3,keywords,news,
community.smartbear.com,https://community.smartbear.com/discussions/testcomplete-questions/testing-screen-resolution/200385,45,3,keywords,general,
boards.cruisecritic.com,https://boards.cruisecritic.com/topic/2716595-testing-resolutions/,68,3,keywords,general,
avsforum.com,https://www.avsforum.com/threads/screen-size.3303686/,54,3,keywords,general,
fdic.gov,https://www.fdic.gov/news/financial-institution-letters/2025/fdic-provides-update-idi-resolution-planning-large-banks,57,3,keywords,news,
elevenforum.com,https://www.elevenforum.com/t/what-is-my-actual-supported-pixel-size.27094/,49,3,keywords,general,
cst.cam.ac.uk,https://www.cst.cam.ac.uk/news/researchers-measure-resolution-limit-human-eye,74,3,keywords,news,
photonics.com,https://www.photonics.com/Articles/A-Closer-Look-at-Resolution-Testing/a64357,40,3,keywords,general,
photrio.com,https://www.photrio.com/forum/threads/lens-resolution-testing-and-application-to-the-real-world.45956/,31,3,keywords,forum,
pbs.org,https://www.pbs.org/newshour/tag/continuing-resolution,87,3,keywords,general,
techpowerup.com,https://www.techpowerup.com/forums/threads/help-how-to-read-understand-monitor-size.199558/,70,3,keywords,forum,
oreateai.com,https://www.oreateai.com/blog/a-friendly-guide-to-measuring-your-monitor-screen-size/f71c3597bc9e694b9fd02cf4f6937a27,28,3,keywords,blog,
piliapp.com,https://www.piliapp.com/actual-size/what-is-my-monitor-size/,74,3,keywords,general,
forum.bubble.io,https://forum.bubble.io/t/testing-app-in-different-screen-sizes/217162,57,3,keywords,forum,
acemagic.com,https://acemagic.com/blogs/tips-tricks/monitor-size-guide,38,3,keywords,blog,
omnicalculator.com,https://www.omnicalculator.com/other/screen-size,83,3,keywords,general,
miva.com,https://www.miva.com/forums/forum/designers-and-developers/mivascript-miva-merchant-empresa/116759-how-to-detect-screen-size,35,3,keywords,forum,
largeformatphotography.info,https://www.largeformatphotography.info/forum/showthread.php?127482-Method-for-testing-for-lens-resolution-sharpness,31,3,keywords,forum,
sitepoint.com,https://www.sitepoint.com/community/t/screen-dimension-checking-code/56365,52,3,keywords,general,
tryhoverify.com,https://tryhoverify.com/blog/screen-resolution-testing-guide-2024/,22,3,keywords,blog,
screen-size.info,http://screen-size.info/,32,3,keywords,general,
hardforum.com,https://hardforum.com/threads/screen-size-comparison-tool.1313460/,46,3,keywords,general,
typito.com,https://typito.com/blog/video-resolutions/,36,3,keywords,blog,
lcdtech.info,https://lcdtech.info/en/data/pixel.size.htm,43,3,keywords,general,
pcgamer.com,https://www.pcgamer.com/hardware/gaming-monitors/new-research-into-human-vision-proves-high-res-pc-monitors-right-up-to-16k-are-worth-it-and-comes-with-a-handy-calculator-to-help-you-choose-your-next-screen/,71,3,keywords,general,
itarian.com,https://www.itarian.com/blog/how-do-you-measure-a-computer-screen/,46,3,keywords,blog,
kantek.com,https://www.kantek.com/measuring.php,22,3,keywords,general,
nti.org,https://www.nti.org/news/nevada-legislature-passes-unanimous-resolution-supporting-the-u-s-moratorium-on-nuclear-weapons-testing/,53,3,keywords,news,
bobistheoilguy.com,https://bobistheoilguy.com/forums/threads/whats-your-screen-resolution.346076/,51,3,keywords,forum,
sciencealert.com,https://www.sciencealert.com/the-eyes-maximum-resolution-is-even-higher-than-we-thought,57,3,keywords,general,
support.wix.com,https://support.wix.com/en/article/testing-your-site-in-different-screen-resolutions,82,3,keywords,general,
whatismyscreenresolution.org,https://www.whatismyscreenresolution.org/,36,3,keywords,general,
imatest.com,https://www.imatest.com/solutions/display/,34,3,keywords,general,
tweakers.net,https://tweakers.net/reviews/11976/gamingmonitors-met-4k-qd-oled-update-met-gigabyte-aorus-fo32u2p.html,71,3,competitors,review,
smpte.org,https://www.smpte.org/blog/testing-screen-resolution-and-frame-rate-tests,34,3,keywords,blog,
futurity.org,https://www.futurity.org/screen-size-news-2101532/,49,3,keywords,general,
mediag.com,https://mediag.com/blog/popular-screen-resolutions-designing-for-all/,29,3,keywords,blog,
whatismyviewport.com,https://whatismyviewport.com/,31,3,keywords,general,
websiteplanet.com,https://www.websiteplanet.com/webtools/screenresolution/,53,3,keywords,general,
saucelabs.com,https://saucelabs.com/resources/blog/learn-about-responsive-design-testing,41,3,keywords,blog,
news.umich.edu,https://news.umich.edu/screen-size-matters-consumers-less-attentive-to-news-content-on-small-screens/,87,3,keywords,news,
vbforums.com,https://www.vbforums.com/showthread.php?873117-Getting-physical-dimensions-of-monitor,34,3,keywords,forum,
tools.bartlweb.net,https://tools.bartlweb.net/screensizetester/,21,3,keywords,general,
screensiz.es,https://screensiz.es/,30,3,keywords,general,
forum.snap.berkeley.edu,https://forum.snap.berkeley.edu/t/how-do-i-detect-screen-size/1724,79,3,keywords,forum,
forums.redflagdeals.com,https://forums.redflagdeals.com/asus-should-i-get-1381091/,61,3,competitors,general,
forums.guru3d.com,https://forums.guru3d.com/threads/nvidia-fx-go5200-dilemma.172050/,57,3,competitors,general,
samsung.com,https://www.samsung.com/us/monitors/monitor-buying-guide/best-monitor-size/,100,3,keywords,general,
whatsmyscreen.com,https://whatsmyscreen.com/,11,3,keywords,general,
minhembio.com,https://www.minhembio.com/forum/index.php?showtopic=327042,35,2,competitors,forum,
forum.gong.bg,https://forum.gong.bg/viewtopic.php?t=94407,59,2,competitors,forum,
forums.macrumors.com,https://forums.macrumors.com/threads/need-a-bit-of-help-with-css-highlighting.130812/,66,2,competitors,general,
sweclockers.com,https://www.sweclockers.com/forum/trad/1378583-ultrabred-eller-40,46,2,competitors,forum,
mixcloud.com,https://www.mixcloud.com/odv%C3%A1%C5%BEn%C3%A9palce/,55,2,competitors,general,
eileenslounge.com,https://eileenslounge.com/viewtopic.php?style=19&t=18607,26,2,keywords,forum,
legacy.blisty.cz,https://legacy.blisty.cz/art/34978.html,37,2,competitors,general,
forum.hardware.com.br,https://forum.hardware.com.br/nvidia-geforce/836682,51,2,competitors,forum,
halfvet.beehiiv.com,https://halfvet.beehiiv.com/p/halfvet-26-us-night-afterthoughts,51,2,competitors,general,
forums-archive.secondlife.com,http://forums-archive.secondlife.com/111/8c/104579/1.html,58,2,competitors,general,
slides.com,https://slides.com/dannievinther/fleksibelt-layout,50,2,competitors,general,
conexion.cluster003.ovh.net,http://conexion.cluster003.ovh.net/sites/conexion.cluster003.ovh.net/libraries/tinymce/jscripts/tiny_mce/plugins/g2image/CREDITS.HTML,49,2,competitors,general,
sitelike.org,https://www.sitelike.org/similar/28b.co.uk/,43,2,competitors,general,
uk.search.yahoo.com,https://uk.search.yahoo.com/mobile/s?_tsrc=apple&ei=UTF-8&first=1&p=Helena%2BSk%C5%82odowska-Szaley,100,2,competitors,general,
forum.pcekspert.com,http://forum.pcekspert.com/showthread.php?t=191055,34,2,competitors,forum,
lists.linux.it,https://lists.linux.it/pipermail/bglug/2007-July/015248.html,42,2,competitors,general,
arstechnica.com,https://arstechnica.com/civis/threads/lg-teases-a-round-smartwatch-the-%E2%80%9Clg-g-watch-r-%E2%80%9D-for-ifa.1253601/,66,2,competitors,general,
say-hi.me,https://say-hi.me/design/20-novyx-krutyx-instrumentov-dlya-dizajnerov-za-noyabr-2019.html,31,2,competitors,general,
freebertforum.forumotion.com,https://freebertforum.forumotion.com/t24-sta-trenutno-slusate,48,2,competitors,general,
pablostanley.substack.com,https://pablostanley.substack.com/p/2738689_adn-2019-10-28,82,2,competitors,general,
prohardver.hu,https://prohardver.hu/tema/plazma_tv_hozzaszolas_elott_olvasd_el_az_1_hozzasz/hsz_21251-21300.html,37,2,competitors,general,
neogaf.com,https://www.neogaf.com/threads/television-displays-and-technology-thread-this-is-a-fantasy-based-on-oled.1323499/page-160,56,2,competitors,general,
techspot.com,https://www.techspot.com/community/topics/ragnarok-online-game-crashes-at-loading.68348/,55,2,competitors,general,
community.automationanywhere.com,https://community.automationanywhere.com/developers-forum-36/a11-image-recognition-captures-different-area-each-time-85707,48,2,competitors,general,
eizo.be,https://www.eizo.be/monitor-test/,43,2,keywords,general,
indieklem.substack.com,https://indieklem.substack.com/p/9-creating-an-intuitive-in-game-menu,82,2,competitors,general,
czechkid.fhs.cuni.cz,https://czechkid.fhs.cuni.cz/si1360.html,64,2,competitors,general,
forum.literotica.com,https://forum.literotica.com/threads/pre-raphaelites.536756/,67,2,competitors,forum,
howbigismybrowser.com,https://howbigismybrowser.com/,26,2,keywords,general,
lost-pixel.com,https://www.lost-pixel.com/blog/responsive-design-testing,21,2,keywords,blog,
cml.news,https://cml.news/g/cml-general/message/14637,19,2,keywords,general,
keskustelu.afterdawn.com,https://keskustelu.afterdawn.com/threads/isot-ajuriongelmat-acer-aspire-kannettavassa.153813/,36,2,competitors,general,
netbib.hypotheses.org,https://netbib.hypotheses.org/78601862,53,2,competitors,general,
awesome.ecosyste.ms,https://awesome.ecosyste.ms/projects/screensizemap.com%2F,38,2,competitors,general,
linustechtips.com,https://linustechtips.com/topic/585469-help-1440p-or-ultrawide/,41,2,competitors,general,
gtaforums.com,https://gtaforums.com/topic/200563-how-will-it-work/,50,2,competitors,general,
codeberg.org,https://codeberg.org/librewolf/issues/issues/1684,45,2,competitors,general,
lists.automattic.com,https://lists.automattic.com/pipermail/wp-docs/2008-January/001605.html,47,2,competitors,general,
ultimatemetal.com,https://ultimatemetal.com/threads/what-size-monitor-do-you-have.82838/,34,2,keywords,general,
wordpress.com,https://wordpress.com/fr/plugins/wp-surveys,76,2,competitors,blog,
ecency.com,https://ecency.com/hive-138388/@jerrytsuseer/a-new-day-together,31,2,competitors,general,
swh.princeton.edu,https://swh.princeton.edu/~pressclb/wordpress.move.to.root/wp-content/plugins/get-recent-comments/changelog.html,72,2,competitors,general,
archiv.abakus-internet-marketing.de,https://archiv.abakus-internet-marketing.de/foren/viewtopic/t-30633.html,31,2,competitors,forum,
logout.hu,https://logout.hu/tema/nvidia_geforce_gtx_780_780ti_titan_gk110_off_topic/hsz_33401-33450.html,33,2,competitors,general,
resolume.com,https://www.resolume.com/forum/viewtopic.php?t=2330,42,2,competitors,forum,
cowcotland.com,https://www.cowcotland.com/topic25325.html,43,2,competitors,general,
kv.by,https://www.kv.by/archive/index2006040602.htm,34,2,competitors,general,
celestiaproject.space,https://celestiaproject.space/forum/viewtopic.php?f=3&t=11125,32,2,competitors,forum,
computerworld.dk,https://www.computerworld.dk/eksperten/spm/765219,44,2,competitors,general,
forum.outerspace.com.br,https://forum.outerspace.com.br/index.php?threads%2Ftv-pequena-para-jogar-no-quarto.287012%2F,32,2,competitors,forum,
cryptoidantagonist.neocities.org,https://cryptoidantagonist.neocities.org/resources,60,2,competitors,general,
raindrop.io,https://raindrop.io/whats/tools-and-resources-361242,52,2,competitors,general,
leketshibolim.ort.org.il,https://leketshibolim.ort.org.il/%D7%A4%D7%AA%D7%99%D7%97%D7%AA-%D7%A7%D7%99%D7%A9%D7%95%D7%A8%D7%99%D7%9D-%D7%91%D7%97%D7%9C%D7%95%D7%9F-%D7%97%D7%93%D7%A9-%D7%AA%D7%9E%D7%95%D7%A0%D7%AA-%D7%A1%D7%A8%D7%98%D7%95%D7%9F-%D7%99%D7%95/,40,2,competitors,general,
blog.libero.it,https://blog.libero.it/chiara84/,81,2,competitors,blog,
tabnews.com.br,https://www.tabnews.com.br/danielcrubens/utilidades-publicas-frond-end-e-ui-ux,31,2,competitors,general,
webdesignerdepot.com,https://webdesignerdepot.com/exciting-new-tools-for-designers-november-2019/,41,2,competitors,general,
hk.search.yahoo.com,https://hk.search.yahoo.com/mobile/s?b=15&ei=UTF-8&pz=7&q=tabimado&xargs=0,100,2,competitors,general,
core.trac.wordpress.org,https://core.trac.wordpress.org/ticket/2254,73,2,competitors,general,
velog.io,https://velog.io/@chris/weekly-archive-17,49,2,competitors,general,
dominomagazin.com,https://www.dominomagazin.com/zivot/gradski-zivot/rusija-osvaja-mesec/,31,2,competitors,general,
provar.com,https://provar.com/blog/university-of-provar/testing-resolutions-for-2023/,29,2,keywords,blog,
cardinalpath.com,https://www.cardinalpath.com/blog/multilingual-wordpress-international-seo,34,2,competitors,blog,
anandtech.com,https://www.anandtech.com/show/9905/toshibas-dynapad-tablet-to-hit-stores-in-late-january,49,2,competitors,general,
dmitripavlutin.com,https://dmitripavlutin.com/screen-window-page-sizes/,34,2,keywords,general,
construct.net,https://www.construct.net/en/forum/construct-3/how-do-i-8/estimate-physical-screen-size-183712,57,2,keywords,forum,
onepagelove.com,https://onepagelove.com/authors/boana,39,2,competitors,general,
horydoly.cz,https://www.horydoly.cz/turiste/podzimni-vylet-na-zbiroh.html,31,2,competitors,general,
barcelona.indymedia.org,https://barcelona.indymedia.org/newswire/display/299709,40,2,competitors,general,
wpfr.net,https://wpfr.net/support/sujet/css-et-rubriques/,36,2,competitors,general,
groups.drupal.org,https://groups.drupal.org/node/18878,64,2,competitors,general,
old.segabg.com,https://old.segabg.com/replies.php?id=95374&p=7,46,2,competitors,general,
ca.search.yahoo.com,https://ca.search.yahoo.com/mobile/s?ei=UTF-8&q=After%2Bthe%2BFall%2Bof%2BNew%2BYork,100,2,competitors,general,
de.search.yahoo.com,https://de.search.yahoo.com/mobile/s?age=1d&ei=UTF-8&p=Dua,100,2,competitors,general,
dca.amethodschools.org,https://dca.amethodschools.org/apps/news/show_news.jsp?REC_ID=629135&id=0,27,2,keywords,news,
tema.in.ua,https://tema.in.ua/article/2634.html,34,2,competitors,general,
forum.zebulon.fr,https://forum.zebulon.fr/topic/146518-drivers-pour-la-geforce-go5700-fx/,37,2,competitors,forum,
forums.digitalpoint.com,https://forums.digitalpoint.com/threads/looking-for-a-wordpress-plugin-post-randomizer.264720/,33,2,competitors,general,
forum.touslesdrivers.com,https://forum.touslesdrivers.com/reponses.php?v_code=1&v_message=508465&v_pm=1&v_pr=1,42,2,competitors,forum,
sir.kr,https://sir.kr/so_ok365/6141,40,2,competitors,general,
hwzone.co.il,https://hwzone.co.il/community/topic/175854-nec-70gx2-%D7%9E%D7%A1%D7%9A-%D7%A4%D7%A6%D7%A6%D7%94-%D7%91%D7%99%D7%A7%D7%95%D7%A8%D7%AA/,31,2,competitors,general,
microformats.org,http://microformats.org/wiki/multilingual-examples,35,2,competitors,wiki,
lfexaminer.com,https://lfexaminer.com/theaters/,27,2,keywords,general,
princeton.edu,http://www.princeton.edu/~pressclb/wordpress.move.to.root/wp-content/plugins/get-recent-comments/changelog.html,72,2,competitors,general,
ru.search.yahoo.com,https://ru.search.yahoo.com/mobile/s?age=1m&btf=m&ei=UTF-8&fr2=time&q=vl%2Bru,100,2,competitors,general,
askapache.com,https://www.askapache.com/htaccess/redirecting-wordpress-feeds-to-feedburner/,31,2,competitors,general,
beta.2ch.hk,https://beta.2ch.hk/hw/arch/2017-06-01/res/2097106.html,42,2,competitors,general,
bento.me,https://bento.me/dashauxui,50,2,competitors,general,
mp3-download.blogsky.com,https://mp3-download.blogsky.com/1393/09/15/post-312/Nina-Simone,35,2,competitors,general,
odpovedi.cz,https://www.odpovedi.cz/otazky/co-vlastne-znamena-osloveni-hej-more,38,2,competitors,general,
basicthinking.de,https://www.basicthinking.de/blog/2006/04/10/wordpress-multilingual/,45,2,competitors,blog,
bye.fyi,https://bye.fyi/report/78552,26,2,competitors,general,
s.sudonull.com,https://s.sudonull.com/?q=Screen%20size,24,2,competitors,general,
forums.overclockers.com.au,https://forums.overclockers.com.au/threads/gallery-generating-script.610353/,31,2,competitors,general,
plun.freehostia.com,http://plun.freehostia.com/WordPress/wp-content/plugins/get-recent-comments/changelog.html,39,2,competitors,general,
keskustelu.jatkoaika.com,https://keskustelu.jatkoaika.com/threads/uusi-televisio.3394/page-42,48,2,competitors,general,
medium.com,https://medium.com/@josephat94/building-a-simple-react-hook-to-detect-screen-size-404a867fa2d2,96,2,"keywords,competitors",general,
waivio.com,https://www.waivio.com/@jerrytsuseer/a-new-day-together,34,2,competitors,general,
forum.softpedia.com,https://forum.softpedia.com/topic/829392-marea-neagra/page__st__18,48,2,competitors,forum,
forum.wixstudio.com,https://forum.wixstudio.com/t/how-to-create-a-detection-system-to-detect-screen-sizes/1169,29,2,keywords,forum,
spacepolicyonline.com,https://spacepolicyonline.com/news/u-n-approves-resolution-not-to-conduct-destructive-asat-tests/,44,2,keywords,news,
ask.metafilter.com,https://ask.metafilter.com/16629/WordPress-plugins,45,2,competitors,general,
keskustelu.v3.afterdawn.com,http://keskustelu.v3.afterdawn.com/thread_view.cfm/693729,36,2,competitors,general,
coliss.com,https://coliss.com/articles/build-websites/operation/work/screen-sizes-for-responsive-web-design.html,37,2,competitors,general,
link.uisdc.com,https://link.uisdc.com/?redirect=https%3A%2F%2Fwww.screensizemap.com%2F,37,2,competitors,general,
warriorforum.com,https://www.warriorforum.com/main-internet-marketing-discussion-forum/357555-updating-published-date-wordpress-blog-entry-current.html,35,2,competitors,general,
q.hatena.ne.jp,https://q.hatena.ne.jp/1208836705,69,2,competitors,general,
fujix-forum.com,https://www.fujix-forum.com/threads/poll-how-big-is-your-monitor.98895/,25,2,keywords,general,
sepp.offline.ee,https://sepp.offline.ee/author/sepp/page/205/,15,1,competitors,general,
eirikso.com,https://eirikso.com/2005/11/29/essential-plugins-for-wp/,15,1,competitors,general,
marcthiele.com,https://marcthiele.com/links/screen-size-map,19,1,competitors,general,
segnalo.it,http://www.segnalo.it/TRACCE/MUSICA/NinaSimone/INDEX-NSIMONE.htm,17,1,competitors,general,
idevie.com,https://idevie.com/resources/exciting-new-tools-for-designers-november-2019,14,1,competitors,general,
bbpress.org,https://bbpress.org/forums/search/bbpress/page/2512/,30,1,competitors,forum,
problogger.com,https://problogger.com/word-press-plugins-for-probloggers/,44,1,competitors,general,
blogandweb.com,https://blogandweb.com/50-plugins-para-manejo-multimedia-en-wordpress/,21,1,competitors,general,
forosdelweb.com,https://www.forosdelweb.com/4082235-post5.html,30,1,competitors,general,
kateboss5000.neocities.org,https://kateboss5000.neocities.org/lesezeichen,61,1,competitors,general,
demene.com,https://www.demene.com/discussion/4943/alguien-sabe-de-plugins-de-wp-para-crear-galerias-en-post,18,1,competitors,general,
gitlab.thesunflowerlab.com,https://gitlab.thesunflowerlab.com/marielheaney7/korean-gambling-sites-7070/-/issues/1,24,1,competitors,general,
macblog.sk,https://www.macblog.sk/2007/tipy-na-ceske-a-slovenske-podcasty/,20,1,competitors,general,
myego.cz,https://myego.cz/item/nenazrana-obluda,20,1,competitors,general,
infolific.com,https://infolific.com/technology/internet/free-blogging-software/,29,1,competitors,general,
git.tool.dwoodauto.com,https://git.tool.dwoodauto.com/ilabowers14697/sports-betting-8863/wiki/Discovering-the-Ultimate-Scam-Verification-for-Sports-Betting-at-toto79.in,15,1,competitors,wiki,
2ch.org,https://2ch.org/hw/arch/2019-02-27/res/3394406.html,43,1,competitors,general,
jggweb.com,http://www.jggweb.com/bitacora/page/87/,18,1,competitors,general,
mustat.com,https://www.mustat.com/fredfred.net,26,1,competitors,general,
archetyp.jp,https://www.archetyp.jp/blog/css-2020/,28,1,competitors,blog,
blog.wpjam.com,https://blog.wpjam.com/2007/04/22/iimage-browser/,24,1,competitors,blog,
computer.handleidingstart.nl,https://computer.handleidingstart.nl/acer-aspire-1363wlmi-handleiding-notebook-info/,17,1,competitors,general,
blogd.com,http://blogd.com/wp/index.php/archives/2650,13,1,competitors,general,
odd.blog,https://odd.blog/page/305/,26,1,competitors,general,
boanastudio.com,https://boanastudio.com/imprint?ref=screensizemap,25,1,competitors,general,
frontendfoc.us,https://frontendfoc.us/issues/411,23,1,competitors,general,
technofizi.net,https://technofizi.net/sitelike/screensizemap.com,28,1,competitors,general,
ayoubsoft.ahlamontada.com,https://ayoubsoft.ahlamontada.com/t171-topic,40,1,competitors,general,
1962960.sites.myregisteredsite.com,http://1962960.sites.myregisteredsite.com/forum/forum_posts.asp?PN=3&TID=2470,35,1,competitors,forum,
rage3d.com,https://www.rage3d.com/board/index.php?threads%2Fsay-goodbye-to-plasma.454081%2F,24,1,competitors,general,
sk.rs,http://sk.rs/forum/showthread.php?p=453782,29,1,competitors,forum,
whiskyfun.com,https://www.whiskyfun.com/archivemarch07-1.html,30,1,competitors,general,
moreofit.com,http://www.moreofit.com/similar-to/wpml.org/Top_10_Sites_Like_Wpml/,29,1,competitors,general,
kavehfarrokh.com,https://www.kavehfarrokh.com/ancient-prehistory-651-a-d/achaemenids/the-expedition-of-darius-the-great/,25,1,competitors,general,
spreeblick.com,http://www.spreeblick.com/blog/2006/03/22/2315/,26,1,competitors,blog,
greenguysboard.com,http://www.greenguysboard.com/board/showthread.php?t=38966,13,1,competitors,forum,
coolstuffinc.com,https://www.coolstuffinc.com/a/mikelinnemann-021016-whats-the-art-market-up-to,44,1,competitors,general,
ads.id,https://ads.id/forums/index.php?threads%2Fplugins-di-wp.2073%2F,20,1,competitors,forum,
blog.timdream.org,https://blog.timdream.org/page/127/,30,1,competitors,blog,
2ch.life,https://www.2ch.life/hw/arch/2017-06-01/res/2097106.html,30,1,competitors,general,
master-x.com,https://www.master-x.com/forum/topics/80207/,21,1,competitors,forum,
forums.b2evolution.net,https://forums.b2evolution.net/topic-6017,23,1,competitors,general,
photoshopvip.net,http://photoshopvip.net/123398,41,1,competitors,general,
blog.csdn.net,https://blog.csdn.net/weixin_49592546/article/details/109843109,63,1,competitors,blog,
blog.plasticdreams.org,https://blog.plasticdreams.org/2007/08/31/it-is-hard-to-write/,11,1,competitors,blog,
hugi.is,https://www.hugi.is/vefsidugerd/korkar/320660/wordpress-adstod/,30,1,competitors,general,
seenthis.net,https://seenthis.net/tag/taille_%C3%A9cran,23,1,competitors,general,
lumieredelune.com,https://www.lumieredelune.com/structurer-site,16,1,competitors,general,
news.lamprecht.net,https://news.lamprecht.net/index.php/2005/08/17/plugin-des-monats-image-browser/,18,1,competitors,news,
blogsearchengine.com,https://www.blogsearchengine.com/2005/12/12/yahoo-offers-movable-type/,19,1,competitors,general,
nota.media,https://nota.media/blog/Mobilnoeprilozhenie-i-adaptivnyysayt/,29,1,competitors,blog,
dgk.or.id,https://dgk.or.id/archives/2007/03/11/plugin-feedburner-untuk-wordpress/,11,1,competitors,general,
tympanus.net,https://tympanus.net/codrops/collective/collective-555/,38,1,competitors,general,
birdz.sk,https://www.birdz.sk/forum/mate-nejaky-oblubeny-obraz-autora-vytv-umenia/43629-tema.html,27,1,competitors,forum,
man.hubwiz.com,http://man.hubwiz.com/docset/WordPress.docset/Contents/Resources/Documents/codex.wordpress.org/Using_FeedBurner.html,23,1,competitors,general,
links.biapy.com,https://links.biapy.com/shaare/EeKJ7Q,12,1,competitors,general,
remysharp.com,https://remysharp.com/links/2019-11-01-465484e8,30,1,competitors,general,
users.atw.hu,http://users.atw.hu/redalert3league/userposts.php?0.forums.222,44,1,competitors,general,
ma.juii.net,https://ma.juii.net/blog/migrate-to-polylang,18,1,competitors,blog,
news.mimio.com,https://news.mimio.com/the-interactive-display-youve-been-looking-for-a-projector,20,1,competitors,news,
archiv.peterkroener.de,https://archiv.peterkroener.de/wordpress-auf-die-schnelle-mehrsprachig-machen/,15,1,competitors,general,
ljube.com,https://ljube.com/page/64/,19,1,competitors,general,
hessingen.bloggplatsen.se,https://hessingen.bloggplatsen.se/sida-281/,30,1,competitors,general,
bluearcher.com,https://www.bluearcher.com/blog-item-5-exciting-new-tools-for-designers,28,1,competitors,general,
zone.maple4ever.net,http://zone.maple4ever.net/bbs.php?sid=170,18,1,competitors,general,
elitefitness.com,https://www.elitefitness.com/forum/threads/painings-thread.509401/page-3,24,1,competitors,forum,
blog.beetlebum.de,http://blog.beetlebum.de/2008/page/19/,20,1,competitors,blog,
forum.infinitymu.net,https://forum.infinitymu.net/threads/help-with-gpu-and-driver-need-pro-people.49118/,12,1,competitors,forum,
kidachi.kazuhi.to,https://kidachi.kazuhi.to/blog/archives/040477.html,22,1,competitors,blog,
netvouz.com,https://netvouz.com/svartling/tag/wordpress,22,1,competitors,general,
old.liewcf.com,https://old.liewcf.com/wordpress-15-plugins-1040/,23,1,competitors,general,
allnarfedup.blog,https://allnarfedup.blog/2005/05/10/upgrade-complete/,17,1,competitors,general,
blocked.org.uk,https://www.blocked.org.uk/results?url=http%3A%2F%2Ffredfred.net,29,1,competitors,general,
genbeta.com,https://www.genbeta.com/bitacoras/iimage-browser-plugin-para-anadir-imagenes-en-wordpress,51,1,competitors,general,
forums.totalchoicehosting.com,https://forums.totalchoicehosting.com/topic/15398-php-open_basedir-restriction-error/,26,1,competitors,general,
ajaydsouza.com,https://ajaydsouza.com/cleaning-up-the-wordpress-post-screen/,19,1,competitors,general,
studentministry.org,http://www.studentministry.org/essential-wordpress-plugins/,13,1,competitors,general,
www7.geometry.net,http://www7.geometry.net/computer/browser_page_no_4.html,16,1,competitors,general,
jacky.seezone.net,https://jacky.seezone.net/links/page/120/,25,1,competitors,general,
garethjmsaunders.co.uk,https://www.garethjmsaunders.co.uk/page/405/,20,1,competitors,general,
xinquji.com,https://xinquji.com/r/60a1d72889c36e,17,1,competitors,general,
moonvy.com,https://moonvy.com/blog/post/%E8%AE%BE%E8%AE%A1%E7%B4%A0%E6%9D%90%E5%91%A8%E5%88%8A/101/,27,1,competitors,blog,
kopress.kr,https://kopress.kr/members/softpawn/forums/replies/,23,1,competitors,forum,
searchengines.bg,https://searchengines.bg/threads/wordpress-%D0%BD%D0%B0-2-%D0%B5%D0%B7%D0%B8%D0%BA%D0%B0.2879/,20,1,competitors,general,
jora.kakupesa.net,https://jora.kakupesa.net/?p=142,26,1,competitors,general,
perun.net,https://www.perun.net/2005/12/27/wordpress-2_0-ist-da/,26,1,competitors,general,
m.master-x.com,https://m.master-x.com/forum/topics/80207/,21,1,competitors,forum,
hypershoot.com,https://hypershoot.com/i/6pHOerXxIk,19,1,competitors,general,
kubazwolinski.com,https://kubazwolinski.com/tag/times/,12,1,competitors,general,
stephaniewalter.design,https://stephaniewalter.design/blog/pixels-of-the-week-october-13-2019/,29,1,competitors,blog,
me7yoo.yoo7.com,https://me7yoo.yoo7.com/t28-topic,44,1,competitors,general,
notes.fe-mm.com,https://notes.fe-mm.com/workflow/css/spec,18,1,competitors,general,
2ch.hk,https://2ch.hk/hw/arch/2019-02-27/res/3394406.html,42,1,competitors,general,
blog.fe-mm.com,https://blog.fe-mm.com/workflow/css/spec,19,1,competitors,blog,
blog.breadncup.com,https://blog.breadncup.com/2007/12/30/separating-blogs-according-to-language/,13,1,competitors,blog,
sidebar.io,https://sidebar.io/out?url=https%3A%2F%2Fwww.screensizemap.com%2F%3Fref%3Dsidebar,29,1,competitors,general,
abclinuxu.cz,https://www.abclinuxu.cz/blog/Martinuv_blog/2006/3/on-line-rss-orijinn,30,1,competitors,blog,
quaily.com,https://quaily.com/moonvy/p/moonvy-design-material-weekly-issue-101,15,1,competitors,general,
fxbodin.com,http://www.fxbodin.com/blog/tag/seo/,12,1,competitors,blog,
uxdesignweekly.com,https://uxdesignweekly.com/issue-255/,24,1,competitors,general,
utiliser-lightroom.com,http://www.utiliser-lightroom.com/blog/2007/09/13/utiliser-lightroom-evolution-de-linterface/,17,1,competitors,blog,
dentu-m-agyaria.webnode.hu,https://dentu-m-agyaria.webnode.hu/news/ny-elv-esz-kedes-tor-teny-elem-tortenelem/,46,1,competitors,news,
gecb.us,https://gecb.us/blog/index.php?entryid=22634,12,1,competitors,blog,
kldp.org,https://kldp.org/node/158041,31,1,competitors,general,
blog.p2hp.com,https://blog.p2hp.com/archives/7557,34,1,competitors,blog,
sustatu.eus,https://sustatu.eus/1117631295,27,1,competitors,general,
forum.textpattern.com,https://forum.textpattern.com/viewtopic.php?id=5693,29,1,competitors,forum,
anyway.fm,https://anyway.fm/links/33,13,1,competitors,general,
ljudmila.org,http://www.ljudmila.org/~savskib/?p=274,25,1,competitors,general,
open.vanillaforums.com,https://open.vanillaforums.com/discussion/4024/use-flags-with-choose-language-add-on,30,1,competitors,general,
digger.tools,https://digger.tools/lookup/www.whatsmyscreensize.com,25,1,competitors,general,
anton.shevchuk.name,https://anton.shevchuk.name/internet/multilanguage-wordpress-choose-ad-service/,27,1,competitors,general,
aio.com.ai,https://aio.com.ai/overview/screensizemap.com/ai1,26,1,competitors,general,
divramis.gr,https://divramis.gr/elliniki-egkatastasi-woocommerce/,20,1,competitors,general,
blog.lupa.cz,https://blog.lupa.cz/management/otazka-je-to-ekonomika-nebo-cerna-dira/,46,1,competitors,blog,
cur.at,https://cur.at/4KOSyXy?m=web,14,1,competitors,general,
financnik.cz,https://www.financnik.cz/forum/topic/106-hardware/page/13/,26,1,competitors,forum,
urlm.co.uk,http://urlm.co.uk/www.comparetvsizes.com,23,1,competitors,general,
wener.me,https://wener.me/notes/std/size,25,1,competitors,general,
rwd.is,https://rwd.is/articles/rwd-weekly-381/index.html,11,1,competitors,general,
zpovednice.eu,https://www.zpovednice.eu/detail.php?statusik=310992,18,1,competitors,general,
maes-e.com,https://maes-e.com/viewtopic.php?p=356007,14,1,competitors,forum,
borborigmi.org,http://www.borborigmi.org/2007/08/23/177/,23,1,competitors,general,
softwaremaniacs.org,https://softwaremaniacs.org/blog/2007/01/23/wordpress-21/,23,1,competitors,blog,
extra.yetkin-forum.com,https://extra.yetkin-forum.com/t307-wordpress-araclar-10-adet-wordpress-eklentisi,19,1,competitors,general,
m.wpjam.com,https://m.wpjam.com/2007/04/22/iimage-browser/,24,1,competitors,general,
arwen-undomiel.com,http://arwen-undomiel.com/forum/viewtopic.php?f=36&t=13861,29,1,competitors,forum,
jeff-barr.com,http://jeff-barr.com/2005/08/01/links-for-monday-august-1-2005/,27,1,competitors,general,
carltonbale.com,https://carltonbale.com/wordpress-plugins/,25,1,competitors,general,
rustcodeweb.medium.com,https://rustcodeweb.medium.com/collection-of-70-essential-web-based-tools-e45d57c4fac6,96,1,competitors,general,
coulmont.com,https://coulmont.com/blog/2006/08/07/ex-gay/,29,1,competitors,blog,
wp-danmark.dk,https://wp-danmark.dk/page/26/,24,1,competitors,general,
miasik.net,https://miasik.net/blog/archive/2005/03/iimage_browser/,15,1,competitors,blog,
escolawp.com,https://www.escolawp.com/2010/06/5-plugins-para-criar-um-site-multi-lingua-com-wordpress/,23,1,competitors,general,
gabrielserafini.com,http://www.gabrielserafini.com/blog/2005/06/16/damon-wallace-freelance-illustrator-designer-artist-and-musician/,11,1,competitors,blog,
martinpetracek.com,https://martinpetracek.com/108-proc-volit-cssd.html,14,1,competitors,general,
oaftobar.neocities.org,https://oaftobar.neocities.org/directory,61,1,competitors,general,
zzamboni.org,https://zzamboni.org/brt/2008/05/13/how-to-fix-iimage-gallery-pages-after-update-to-wordpress-25/,18,1,competitors,general,
lechasseclou2.home.blog,https://lechasseclou2.home.blog/page/5/,64,1,competitors,general,
forums.photographyreview.com,http://forums.photographyreview.com/viewfinder/hello-mexico-blog-tool-recommendation-17037.html,25,1,competitors,general,
2ch.su,https://www.2ch.su/hw/arch/2017-06-01/res/2097106.html,29,1,competitors,general,
kirin-lin.idv.tw,https://kirin-lin.idv.tw/page/304/,12,1,competitors,general,
blogs.bl0rg.net,http://blogs.bl0rg.net/neingeist/2005/03/,13,1,competitors,general,
blog.zzamboni.org,https://blog.zzamboni.org/brt/2008/05/13/how-to-fix-iimage-gallery-pages-after-update-to-wordpress-25/,18,1,competitors,blog,
pc-facile.com,https://www.pc-facile.com/forum/viewtopic.php?p=289235,23,1,competitors,forum,
ghost.javipas.com,https://ghost.javipas.com/-c2-a1feliz-2006-68d81d70e24216001bf6e92f/,27,1,competitors,general,
agency.nota.media,https://agency.nota.media/blog/mobilnoeprilozhenie-i-adaptivnyysayt/,29,1,competitors,blog,
vastalto.com,https://www.vastalto.com/blog/?p=524,22,1,competitors,blog,
ilovefreesoftware.com,https://www.ilovefreesoftware.com/07/webware/free-interactive-map-responsive-screen-sizes-web-designs.html,22,1,competitors,general,
www5.geometry.net,http://www5.geometry.net/artists/mucha_alphonse_page_no_3.html,16,1,competitors,general,
blog.dahanne.net,http://blog.dahanne.net/2006/07/12/mise-en-place-du-blog/,14,1,competitors,blog,
crossdressers.com,https://www.crossdressers.com/forums/showthread.php?100803-Not-B%2A%2A%2Ady-Crossdressers,25,1,competitors,forum,
csslayout.news,https://csslayout.news/219/,13,1,competitors,general,
republicaweb.es,https://republicaweb.es/podcast/hay-dos-cosas-inevitables-la-muerte-y-los-formularios/,15,1,competitors,general,
gregoriana.sk,http://gregoriana.sk/2006/12/gregorianask-viacjazycne/,12,1,competitors,general,
zzbaike.com,https://www.zzbaike.com/wiki/WordPress:Using_FeedBurner,18,1,competitors,wiki,
javipas.com,https://javipas.com/2006/01/01/%C2%A1feliz-2006/,27,1,competitors,general,
forum.optymalizacja.com,https://www.forum.optymalizacja.com/topic/87118-wp-szukam-2-wtyczek/,26,1,competitors,forum,
sindominio.net,https://sindominio.net/metabolik/weblog/index970c970c.html?p=25,25,1,competitors,general,
mountebank.org,https://mountebank.org/blog/page/5/,17,1,competitors,blog,
www2000.multimediaexpo.cz,http://www2000.multimediaexpo.cz/mmecz/index.php/Rom%C5%A1tina,17,1,competitors,general,
blog.idnes.cz,https://blog.idnes.cz/kmeto/romska-kuchyna.Bg09103385/diskuse,80,1,competitors,blog,
fotomobil.at,https://www.fotomobil.at/wordpress,15,1,competitors,general,
redlib.private.coffee,https://redlib.private.coffee/r/hometheater,17,1,competitors,general,
zpovednice.cz,https://www.zpovednice.cz/detail.php?statusik=310992,20,1,competitors,general,
blog.mimio.com,https://blog.mimio.com/the-interactive-display-youve-been-looking-for-a-projector,20,1,competitors,blog,
techforum.cz,https://www.techforum.cz/topic/5008-dvb-c-a-tv-philips-37pfl4007h12/,19,1,competitors,general,
papaly.com,https://papaly.com/vincentprijent/1cUo5/tools,28,1,competitors,general,
zerotomastery.io,https://zerotomastery.io/resources/,45,1,competitors,general,
bingu.net,http://bingu.net/page/20/,4,0,competitors,general,
earlybird.kr,https://earlybird.kr/207,10,0,competitors,general,
anchorurl.cloud,https://anchorurl.cloud/share/33685,6,0,competitors,general,
icmsmt.com,https://icmsmt.com/list570/,13,0,competitors,general,
flyingziggy.co.uk,http://flyingziggy.co.uk/,2,0,competitors,general,
devsolus.com,https://devsolus.com/my-media-tags-dont-work-on-my-website-when-using-my-phone/,2,0,competitors,general,
note.uto-usui.com,https://note.uto-usui.com/n/n9ed222c79d10,16,0,competitors,general,
tekatekiku.dbc-channel.com,http://www.tekatekiku.dbc-channel.com/wp-content/plugins/get-recent-comments/changelog.html,0,0,competitors,general,
runemester.dk,http://www.runemester.dk/page/6/?page_id=415,2,0,competitors,general,
blog.ineat-conseil.fr,https://blog.ineat-conseil.fr/2019/10/la-veille-de-poulpyx-octobre-2019/,2,0,competitors,blog,
stevenbrown.ca,http://www.stevenbrown.ca/blog/archives/55,8,0,competitors,blog,
news.beingdesignerly.com,https://news.beingdesignerly.com/issues/1,2,0,competitors,news,
single-serving.site,https://single-serving.site/sites/screensizemap_com.html,2,0,competitors,general,
markgazel.blog,https://markgazel.blog/page/18/,7,0,competitors,general,
martinandbailey.blogspot.com,https://martinandbailey.blogspot.com/2021/03/nvidia-quadro-fx-34504000-sdi-driver.html,2,0,competitors,blog,
screensizecalculator.com,http://screensizecalculator.com/,2,0,competitors,general,
webdong.dev,https://www.webdong.dev/en/post/how-many-breakpoint-should-you-use/,10,0,competitors,general,
pick.tools,https://pick.tools/t/screen-size-map,2,0,competitors,general,
seowebdesignllc.com,https://www.seowebdesignllc.com/exciting-new-tools-for-designers-november-2019/,16,0,competitors,general,
pryluky.info,http://pryluky.info/topic/1330,7,0,competitors,general,
aliciasykes.com,https://www.aliciasykes.com/blog/super-useful-css-resources-,17,0,competitors,blog,
indieklem.com,https://indieklem.com/9-creating-an-intuitive-in-game-menu/,9,0,competitors,general,
mtg.look-in.net,http://mtg.look-in.net/page/7/,6,0,competitors,general,
cac.edu.ge,https://cac.edu.ge/en/22-inch-vs-32-inch-monitor.html,2,0,competitors,general,
shkarpyan.blogspot.com,http://shkarpyan.blogspot.com/2006/09/smo-slovenci-kulturni.html,2,0,competitors,blog,
zinjibar.hooxs.com,https://zinjibar.hooxs.com/t149-topic,30,0,competitors,general,
planetozh.com,https://planetozh.com/blog/my-projects/wordpress-plugin-who-sees-ads-control-adsense-display/comment-page-2/,28,0,competitors,blog,
toolkit.addy.codes,https://toolkit.addy.codes/tag/testing/,12,0,competitors,general,
stavelin.com,http://stavelin.com/blog/2006/02/,10,0,competitors,blog,
house-designs.web.app,https://house-designs.web.app/house-of-the-rising-sun.html,2,0,competitors,general,
agendons.wordpress.com,https://agendons.wordpress.com/,2,0,competitors,blog,
redrighthand.net,http://www.redrighthand.net/2006/10/cue-music-song-tbd-pending-licensing.html,5,0,competitors,general,
guruphreaker.blogspot.com,https://guruphreaker.blogspot.com/2008/09/hamachi-for-windows-1030.html,2,0,competitors,blog,
shaarli.lyokolux.space,https://shaarli.lyokolux.space/shaare/Q8pxCQ,2,0,competitors,general,
tvsizecalculator.com,http://www.tvsizecalculator.com/,2,0,competitors,general,
andi.wordpress.com,https://andi.wordpress.com/2007/12/11/language-switcher-untuk-wordpress/,2,0,competitors,blog,
hehe.kalinin.pw,https://hehe.kalinin.pw/hw/arch/2016-07-17/res/1340747.html,2,0,competitors,general,
dacosta-dce.com,http://www.dacosta-dce.com/wp-content/plugins/wpg2/g2image/CREDITS.HTML,2,0,competitors,general,
bendun.cc,https://bendun.cc/archive/16-by-19-is-an-antipattern.html,2,0,competitors,general,
nnc3.com,http://nnc3.com/mags/LM10/Magazine/Archive/2006/65/044-048_wordpress/article.html,5,0,competitors,general,
alsacreations.com,https://www.alsacreations.com/outils/kiwipedia/archives/links.md,37,0,competitors,general,
fabsanyo.wordpress.com,https://fabsanyo.wordpress.com/2013/02/,2,0,competitors,blog,
qian.qin.berlin,https://qian.qin.berlin/qtranslate/,5,0,competitors,general,
toolsweekly.com,https://toolsweekly.com/weekly/07/,9,0,competitors,general,
jorgetome.info,http://www.jorgetome.info/page/25,2,0,competitors,general,
codezine.jp,https://codezine.jp/bookmark/device_gadget/20190929/,44,0,competitors,general,
yokim.aigohost.org,http://yokim.aigohost.org/2726/,0,0,competitors,general,
mediacentral.dev,https://www.mediacentral.dev/blog/links,2,0,competitors,blog,
ariidledyhmarrabye.blogspot.com,https://ariidledyhmarrabye.blogspot.com/2021/07/nvidia-quadro-fx-34504000-sdi-driver.html,2,0,competitors,blog,
7wins.eu,https://7wins.eu/cbprod/detail_3056/joomla+template+secrets+v2+0.html,2,0,competitors,general,
leonardomusumeci.net,https://leonardomusumeci.net/2008/06/05/qtranslate-il-plugin-definitivo-per-localizzare-wordpress/,2,0,competitors,general,
artisamkio.blogspot.com,https://artisamkio.blogspot.com/2021/05/nvidia-quadro-fx-34504000-sdi-driver.html,2,0,competitors,blog,
manishk.dev,https://www.manishk.dev/resources/web-development/,6,0,competitors,general,
wener.tech,https://wener.tech/notes/std/size,7,0,competitors,general,
georgeott.com,https://georgeott.com/2005/08/23/new-site-designagain/,2,0,competitors,general,
exportandimport121.blogspot.com,https://exportandimport121.blogspot.com/2021/04/nvidia-quadro-fx-34504000-sdi-driver.html,0,0,competitors,blog,
grochtdreis.de,https://grochtdreis.de/weblog/page/21/?id=P458,6,0,competitors,general,
gandaembloglio.blogspot.com,https://gandaembloglio.blogspot.com/2007/,2,0,competitors,blog,
maomao1996.github.io,https://maomao1996.github.io/mm-notes/workflow/css/spec,2,0,competitors,general,
i6f6e65706167656c6f7665o636f6dz.oszar.com,https://i6f6e65706167656c6f7665o636f6dz.oszar.com/authors/boana,0,0,competitors,general,
pvsm.ru,https://www.pvsm.ru/dizajn-interfejsov/336646,26,0,competitors,general,
k12ismyfavouriteblog.blogspot.com,https://k12ismyfavouriteblog.blogspot.com/2021/06/nvidia-quadro-fx-34504000-sdi-driver.html,2,0,competitors,blog,
comparetvsize.com,http://comparetvsize.com/,2,0,competitors,general,
thepiratebay7.com,https://thepiratebay7.com/torrent/3322504/The_Black_Hole_(1979)_%5BDVDrip__HQ_divx__widescreen%5D_avi,6,0,competitors,general,
cafecheio.blogspot.com,https://cafecheio.blogspot.com/2008/02/,0,0,competitors,blog,
aerogaby.blogspot.com,https://aerogaby.blogspot.com/2010/10/la-pose-hace-al-personaje.html,9,0,competitors,blog,
cbscmediastirlinggibbons.blogspot.com,http://cbscmediastirlinggibbons.blogspot.com/2011/09/,0,0,competitors,blog,
inforedesign.com,http://inforedesign.com/2005/07/15/startovyiy-nabor-nachinayuschego-wordpress-bloggera/,3,0,competitors,general,
kirjoittaessani.de,http://kirjoittaessani.de/2008/09/,2,0,competitors,general,
perepolokh.ru,https://perepolokh.ru/i/kak-opredelit-razmer-ekrana-v-dyuimax-prostye-sposoby-i-sovety/,2,0,competitors,general,
webmastersgallery.com,http://www.webmastersgallery.com/uncategorized/exciting-new-tools-for-designers-november-2019/,3,0,competitors,general,
pixey.de,https://www.pixey.de/2024/03/19/100-nuetzliche-css-tools-apps-for-web-designer/,14,0,competitors,general,
pablozacarias.blogspot.com,http://pablozacarias.blogspot.com/2007/03/lo-que-escuchaste-el-jueves-8-de-marzo.html,0,0,competitors,blog,
look-in.net,http://www.look-in.net/page/7/,6,0,competitors,general,
d-kaga.com,https://d-kaga.com/blog/201301/3555,8,0,competitors,blog,
kakvoe.wordpress.com,https://kakvoe.wordpress.com/category/%D0%9F%D0%BE%D0%BC%D0%BE%D1%89/,2,0,competitors,blog,
find-wordpress-plugins.com,http://www.find-wordpress-plugins.com/iimage-browser-wordpress-plugin.html,9,0,competitors,general,
jaggesaevl.wordpress.com,https://jaggesaevl.wordpress.com/category/site-specifikt/,2,0,competitors,blog,
digitalworld108117254.wordpress.com,https://digitalworld108117254.wordpress.com/2021/04/19/10-awesome-css-resources/,2,0,competitors,blog,
thedailychuckles.com,http://thedailychuckles.com/archived_post/13148,2,0,competitors,general,
fly.ingsparks.de,http://fly.ingsparks.de/2006-06-07/wordpress-mehrsprachig/,3,0,competitors,general,
umnoprovse.ru,https://umnoprovse.ru/inf/kak-sdelat-dlinnyi-skrin-na-telefone-podrobnaya-instrukciya-i-poleznye-sovety/,2,0,competitors,general,
playgroundmods.ru,https://playgroundmods.ru/wiki/kak-pravilno-proverit-dyuimy-monitora-noutbuka-poleznye-sposoby-i-podrobnye-instrukcii/,3,0,competitors,wiki,
git.alexhill.org,https://git.alexhill.org/christalsimpso/sports-betting-3792/wiki/Exploring-the-World-of-Gambling-Sites:-A-Complete-Guide,4,0,competitors,wiki,
semanticallydriven.com,http://semanticallydriven.com/2006/07/turning_a_websi.html,9,0,competitors,general,
myonlineshop.hk,http://www.myonlineshop.hk/blog/space.php?do=blog&id=14732&uid=745,3,0,competitors,blog,
aunitz.net,https://www.aunitz.net/sin-miedo-al-scroll/,10,0,competitors,general,
driverdownloadlinksys.blogspot.com,http://driverdownloadlinksys.blogspot.com/2009/,2,0,competitors,blog,
redlib.myriation.xyz,https://redlib.myriation.xyz/r/Projectors,0,0,competitors,general,
pagepan.com,https://pagepan.com/notes,2,0,competitors,general,
bklyn.de,https://bklyn.de/2010/06/nina-simone/,8,0,competitors,general,
dothtml5.com,https://dothtml5.com/archives/20191008_clips.html,4,0,competitors,general,
backlinks-checker.com,https://backlinks-checker.com/share/384975,6,0,competitors,general,
discerning.com,https://discerning.com/topics/software/ttw.html,11,0,competitors,general,
ikteroak.com,http://ikteroak.com/page/123/,2,0,competitors,general,
simon.zambrovski.org,http://simon.zambrovski.org/about/,2,0,competitors,general,
redlib.privacytools.click,https://redlib.privacytools.click/r/hometheater,0,0,competitors,general,
infogra.ru,https://infogra.ru/design/top-87-dizajn-instrumentov-dlya-razrabotchikov-i-veb-dizajnerov,30,0,competitors,general,
github-wiki-see.page,https://github-wiki-see.page/m/Offirmo-team/wiki/wiki/UX,23,0,competitors,wiki,
aviakompaniya-baf.blogspot.com,http://aviakompaniya-baf.blogspot.com/2012/08/a.html,2,0,competitors,blog,
blog.ineat-group.com,https://blog.ineat-group.com/2019/10/la-veille-de-poulpyx-octobre-2019/,5,0,competitors,blog,
screenshots.wiki,https://screenshots.wiki/report/33685,5,0,competitors,general,
dylanzoewiinnews.blogspot.com,https://dylanzoewiinnews.blogspot.com/2021/04/nvidia-quadro-fx-34504000-sdi-driver.html,2,0,competitors,blog,
buynov.com,http://buynov.com/blog/page/14/,2,0,competitors,blog,
kaosklub.com,http://www.kaosklub.com/como-traducir-el-contenido-de-tus-posts-en-wordpress/,4,0,competitors,general,
true.own0.com,https://true.own0.com/t12-topic,25,0,competitors,general,
fe-news.atj.sh,https://fe-news.atj.sh/issues/2020-08,5,0,competitors,general,
sowypark.zarovka.de,http://www.sowypark.zarovka.de/wordpress/wp-content/plugins/iimage-gallery.php?idg=1&idi=1&idpost=19,0,0,competitors,general,
drjack.world,https://drjack.world/report/83184,25,0,competitors,general,
climbtothestars.org,http://climbtothestars.org/archives/2007/03/,23,0,competitors,general,
ngrok.huixuebang.com,http://ngrok.huixuebang.com/allisondoll665/sports-betting-1694/-/issues/30,5,0,competitors,general,
cayotilkcn.blogspot.com,https://cayotilkcn.blogspot.com/2021/07/nvidia-quadro-fx-34504000-sdi-driver.html,2,0,competitors,blog,
miziro.ru,https://miziro.ru/wfhmp1/9695/p6,4,0,competitors,general,
cherok.blogspot.com,http://cherok.blogspot.com/,2,0,competitors,blog,
www2u.biglobe.ne.jp,http://www2u.biglobe.ne.jp/~mahomi/edition2/35.html,76,0,competitors,general,
sk.co.rs,http://www.sk.co.rs/forum/showthread.php?t=25141,7,0,competitors,forum,
gist.github.com,https://gist.github.com/mfrancois3k/52ad27df6d9e1ad064007a74c687e769,100,0,competitors,general,
seo-revealed.club,https://seo-revealed.club/items-0692818294ea6975c17ffdecf29df3e9,15,0,competitors,general,
.,http://./threads/%D1%81%D0%B5%D1%80%D0%B8%D0%B0%D0%BB-%D0%9E-%D0%A1-%D0%9E%D0%B4%D0%B8%D0%BD%D0%BE%D0%BA%D0%B8%D0%B5-%D0%A1%D0%B5%D1%80%D0%B4%D1%86%D0%B0-%D0%9E%D0%B4%D0%BD%D0%B0%D0%B6%D0%B4%D1%8B-%D0%B2-%D0%9A%D0%B0%D0%BB%D0%B8%D1%84%D0%BE%D1%80%D0%BD%D0%B8%D0%B8-the-o-c.21493/page-4,2,0,competitors,general,
gamedesign.sttz.ch,https://gamedesign.sttz.ch/wp-content/plugins/iimage-gallery.php?idg=1&idi=1&idpost=4,0,0,competitors,general,
zhuhuiqing.com,https://www.zhuhuiqing.com/index/1910071013-2/,2,0,competitors,general,
newenglandnomads.net,http://newenglandnomads.net/wp-content/plugins/iimage-gallery.php?idg=1&idi=1&idpost=19,6,0,competitors,general,
apx.school,https://apx.school/blog/como-darle-estilo-a-la-interfaz-el-proceso-de-diseno-ui-coder-box-s01e05,10,0,competitors,blog,
profi-velo.ru,https://profi-velo.ru/info/kak-uznat-razmer-ekrana-noutbuka-prostye-sposoby-opredeleniya-diagonali-sensornogo-displeya/,2,0,competitors,general,
mazuria.ecolodges.free.fr,http://mazuria.ecolodges.free.fr/?lang_pref=fr,2,0,competitors,general,
cozyhome.web.app,https://cozyhome.web.app/house-of-the-rising-sun.html,2,0,competitors,general,
redlib.tcsenpai.com,https://redlib.tcsenpai.com/r/hometheater/rising,0,0,competitors,general,
ods.ranker.pub,http://ods.ranker.pub/alfonsoverbrug/online-gambling-sites-5067/-/issues/45,4,0,competitors,general,
optimizeflow.top,https://optimizeflow.top/stats/661422,6,0,competitors,general,
seoras.com,http://www.seoras.com/category/photography/,8,0,competitors,general,
clan-apollo.estranky.cz,https://clan-apollo.estranky.cz/clanky/odkazy.html,0,0,competitors,general,
alanthefrog.free.fr,http://alanthefrog.free.fr/,5,0,competitors,general,
maquinasvirtuales.eu,https://www.maquinasvirtuales.eu/plugins-para-multimedia-wordpress/,23,0,competitors,general,
srch.fi,https://srch.fi/most-common-viewport-sizes,8,0,competitors,general,
dageling003.top,http://dageling003.top/post/5,2,0,competitors,general,
computercentraleroggel.nl,http://computercentraleroggel.nl/acer-aspire-1363wlmi-handleiding-notebook-info/,2,0,competitors,general,
metamagic.top,https://metamagic.top/stats/661422,5,0,competitors,general,
katpatuka.wordpress.com,https://katpatuka.wordpress.com/tag/wordpress/,2,0,competitors,blog,
treeofbonsai.ru,https://treeofbonsai.ru/info/kak-tocno-opredelit-format-ekrana-smartfona-sovety-i-podrobnaya-instrukciya/,2,0,competitors,general,
blog.hwa2u.com,https://blog.hwa2u.com/2007/01/,2,0,competitors,blog,
tactinept.com,https://www.tactinept.com/forums/index.php?%2Ftopic%2F3954-monitor-discussion%2Fpage%2F3%2F,6,0,competitors,forum,
upload-magazin.de,http://upload-magazin.de/199-blogstockchen-wie-organisierst-du-dich-beim-bloggen/,27,0,competitors,general,
studio-rgb.ru,https://studio-rgb.ru/stati/poleznye-servisy-dizajneru-14-dlya-veb-razrabotki-email-rassylok-shriftov-i-dr/,2,0,competitors,general,
retabnews.vercel.app,https://retabnews.vercel.app/user/danielcrubens/utilidades-publicas-frond-end-e-ui-ux,2,0,competitors,general,
listography.com,https://www.listography.com/shosanna,29,0,competitors,general,
stephane-arrami.com,https://stephane-arrami.com/top-100-meilleurs-outils-developpement-web-6,19,0,competitors,general,
istogrami365.blogspot.com,https://istogrami365.blogspot.com/2021/02/shop-woocommerce-wordpress.html,2,0,competitors,blog,
frontendweekly.tokyo,https://frontendweekly.tokyo/posts/239/,5,0,competitors,general,
matejmarecek.blogspot.com,https://matejmarecek.blogspot.com/2010/01/,2,0,competitors,blog,
notes.aliciasykes.com,https://notes.aliciasykes.com/40638/super-useful-css-resources,17,0,competitors,general,
xiaoluoboding.github.io,https://xiaoluoboding.github.io/monthly/2020/2020-08.html,5,0,competitors,general,
iso200.de,http://iso200.de/impressum/,2,0,competitors,general,
livelaughlofgran.blogspot.com,https://livelaughlofgran.blogspot.com/2021/04/nvidia-quadro-fx-34504000-sdi-driver.html,2,0,competitors,blog,
gurushiki.blogspot.com,http://gurushiki.blogspot.com/2007/03/wordpress-me-211.html,2,0,competitors,blog,
cjw.me.uk,https://cjw.me.uk/2007/04/,7,0,competitors,general,
thedutchperspective.blogspot.com,http://thedutchperspective.blogspot.com/2008/04/pre-raphaelites.html,2,0,competitors,blog,
blog.evaldojunior.com.br,http://blog.evaldojunior.com.br/blog/2009/04/04/infog-agora-em-portugues-e-ingles-now-in-portuguese-and-english.html,6,0,competitors,blog,
comparetvscreen.com,http://comparetvscreen.com/,2,0,competitors,general,
rbach.priv.at,http://rbach.priv.at/Microformats/IRC/2005-12-23,6,0,competitors,general,
littehispanol3.blogspot.com,http://littehispanol3.blogspot.com/2011/10/,0,0,competitors,blog,
waviaei.com,https://waviaei.com/tag/wordpress/page/6/,6,0,competitors,general,
globaldomains.xyz,https://www.globaldomains.xyz/folder83/9046/4bbe6f1dae9b40903cca2ea444cce4f5/,2,0,competitors,general,
geeked.info,http://www.geeked.info/category/tools/,12,0,competitors,general,
allfatcatpictures.blogspot.com,https://allfatcatpictures.blogspot.com/2021/08/nvidia-quadro-fx-34504000-sdi-driver.html,2,0,competitors,blog,
cheapsale-369.blogspot.com,https://cheapsale-369.blogspot.com/2021/05/nvidia-quadro-fx-34504000-sdi-driver.html,2,0,competitors,blog,
prorastenija.ru,https://prorastenija.ru/portal/kak-uznat-sirinu-ekrana-prostye-sposoby-i-instrukciya/,2,0,competitors,general,
tekapo.com,https://tekapo.com/st/wp/plugins/images/,14,0,competitors,general,
pablomassa.com.dream.website,https://pablomassa.com.dream.website/software/,33,0,competitors,general,
blog.alejandrocuervo.com,https://blog.alejandrocuervo.com/page/9/,2,0,competitors,blog,
technicspiter.look-in.net,http://technicspiter.look-in.net/page/7/,6,0,competitors,general,
websitepublisher.net,http://www.websitepublisher.net/forums/showthread.php?4971-Using-Wordpress-for-whole-site,5,0,competitors,forum,
jou.rfixe.com,https://jou.rfixe.com/forum/viewtopic.php?p=16637,6,0,competitors,forum,
blogopod.com,https://blogopod.com/page/62/,11,0,competitors,general,
alukraft.hu,https://alukraft.hu/?a=365506721,7,0,competitors,general,
s-page.net,http://s-page.net/ja/2007/01/25/wp-plugin-translation,4,0,competitors,general,
tribunalibrenacional.blogspot.com,http://tribunalibrenacional.blogspot.com/2010/06/diez-policias-mexicanos-murieron.html,2,0,competitors,blog,
rustcodeweb.com,https://www.rustcodeweb.com/2024/05/70-plus-essential-web-based-tools-collection.html,17,0,competitors,general,
in-the-misosoup.blogspot.com,http://in-the-misosoup.blogspot.com/2008/10/,0,0,competitors,blog,
auroregunnar.blogspot.com,https://auroregunnar.blogspot.com/2009/02/prb-nationalmuseum.html,2,0,competitors,blog,
webmasterfind.de,http://www.webmasterfind.de/2006/06/06/bilderverwaltung-in-wordpress/,2,0,competitors,general,
littlepo.com,https://littlepo.com/site-updates-language-option-and-forums/,3,0,competitors,general,
parkerseniorportfolio.blogspot.com,http://parkerseniorportfolio.blogspot.com/2007/10/history-in-babble.html,2,0,competitors,blog,
bestwebsitesonnet.blogspot.com,https://bestwebsitesonnet.blogspot.com/2014/12/review-of-10-very-usefull-wordpress.html,0,0,competitors,blog,
cma-st.net,http://cma-st.net/wp_pluginmemo/,2,0,competitors,general,
jvetrau.com,https://jvetrau.com/digest/2019-oct,20,0,competitors,general,
autoadvance.co.th,http://www.autoadvance.co.th/?a=365565521,2,0,competitors,general,
shortenurls.eu,https://shortenurls.eu/share/40437,6,0,competitors,general,
annun.sk,https://annun.sk/viewtopic.php?p=95180,5,0,competitors,forum,
qidianlife.com,http://www.qidianlife.com/Singular/index.php?a=index&c=Article&id=7527&m=App,4,0,competitors,general,
dltj.org,https://dltj.org/article/new-theme/,18,0,competitors,general,
sheppy.neocities.org,https://sheppy.neocities.org/resources,61,0,competitors,general,
familie-stecher.de,http://www.familie-stecher.de/?page_id=18,2,0,competitors,general,
inspirationdesignresource.com,https://www.inspirationdesignresource.com/useful-resources-7/,8,0,competitors,general,
hooney.net,https://hooney.net/post/97,5,0,competitors,general,
adesigna.net,https://adesigna.net/2005/06/09/pimp-my-blog/,2,0,competitors,general,
informationsourcesforarthistorymajors.blogspot.com,http://informationsourcesforarthistorymajors.blogspot.com/,2,0,competitors,blog,
frorse.wordpress.com,https://frorse.wordpress.com/2004/11/19/blog/,2,0,competitors,blog,
marcthiele.de,https://marcthiele.de/page:31,5,0,competitors,general,
analyticshaven.top,https://analyticshaven.top/stats/78552,5,0,competitors,general,
compoundclay.net,https://compoundclay.net/?c=231164712,2,0,competitors,general,
icant-imiss.blogspot.com,https://icant-imiss.blogspot.com/2021/08/nvidia-quadro-fx-34504000-sdi-driver.html,2,0,competitors,blog,
forum.akara.ru,https://forum.akara.ru/index.php?showtopic=3304,2,0,competitors,forum,
github.com,https://github.com/RitikPatni/Front-End-Web-Development-Resources,100,0,competitors,general,
git.huixuebang.com,http://git.huixuebang.com/allisondoll665/sports-betting-1694/-/issues/30,5,0,competitors,general,
devolio.as93.net,https://devolio.as93.net/blog/super-useful-css-resources-,19,0,competitors,blog,
blog.yipl.com.np,https://blog.yipl.com.np/frontend-design-knowledge-sharing-19-bf2515cb4797,21,0,competitors,blog,
dallasatheists.blogspot.com,http://dallasatheists.blogspot.com/2010/04/,2,0,competitors,blog,
justfly.idv.tw,https://justfly.idv.tw/tag/languages/,2,0,competitors,general,
jaheca.se,http://jaheca.se/blog/page/48/,2,0,competitors,blog,
luxuryxjule.blogspot.com,http://luxuryxjule.blogspot.com/2008/,2,0,competitors,blog,
turambarr.blogspot.com,http://turambarr.blogspot.com/2008/01/o-pe-zi_27.html,17,0,competitors,blog,
lavidaamorosadegokuymilk.blogspot.com,https://lavidaamorosadegokuymilk.blogspot.com/2021/06/nvidia-quadro-fx-34504000-sdi-driver.html,2,0,competitors,blog,
davidbaakman.nl,https://davidbaakman.nl/2007/08/29/multi-language/,2,0,competitors,general,
beatcamp.de,http://www.beatcamp.de/wp-content/plugins/iimage-gallery.php?idg=1&idi=1&idpost=16,2,0,competitors,general,
git.aionnect.com,https://git.aionnect.com/bartsmoot8627/online-gambling-3060/wiki/Gambling+Site+Insights:+Join+Inavegas+for+Reliable+Scam+Verification,4,0,competitors,wiki,
poobou.com,http://www.poobou.com/categories/pets/page/7/,3,0,competitors,general,
mattchen.wordpress.com,https://mattchen.wordpress.com/2005/05/04/%E6%9C%AC%E6%A0%BC%E2%80%A7%E9%97%9C%E6%96%BC/,2,0,competitors,blog,
learnku.com,https://learnku.com/articles/68586,28,0,competitors,general,
